<annotation>
	<folder>all</folder>
	<filename>000019.jpg</filename>
	<path>/home/trevol/hdd/Datasets/counters/Musson_counters/all/000019.jpg</path>
	<source>
		<database>Unknown</database>
	</source>
	<size>
		<width>960</width>
		<height>1280</height>
		<depth>3</depth>
	</size>
	<segmented>0</segmented>
	<object>
		<name>counter</name>
		<pose>Unspecified</pose>
		<truncated>0</truncated>
		<difficult>0</difficult>
		<bndbox>
			<xmin>24</xmin>
			<ymin>197</ymin>
			<xmax>952</xmax>
			<ymax>1274</ymax>
		</bndbox>
	</object>
	<object>
		<name>counter_screen</name>
		<pose>Unspecified</pose>
		<truncated>0</truncated>
		<difficult>0</difficult>
		<bndbox>
			<xmin>162</xmin>
			<ymin>390</ymin>
			<xmax>446</xmax>
			<ymax>460</ymax>
		</bndbox>
	</object>
</annotation>
