<annotation>
	<folder>all</folder>
	<filename>000017.jpg</filename>
	<path>/home/trevol/hdd/Datasets/counters/Musson_counters/all/000017.jpg</path>
	<source>
		<database>Unknown</database>
	</source>
	<size>
		<width>960</width>
		<height>1280</height>
		<depth>3</depth>
	</size>
	<segmented>0</segmented>
	<object>
		<name>counter</name>
		<pose>Unspecified</pose>
		<truncated>0</truncated>
		<difficult>0</difficult>
		<bndbox>
			<xmin>3</xmin>
			<ymin>153</ymin>
			<xmax>955</xmax>
			<ymax>1202</ymax>
		</bndbox>
	</object>
	<object>
		<name>counter_screen</name>
		<pose>Unspecified</pose>
		<truncated>0</truncated>
		<difficult>0</difficult>
		<bndbox>
			<xmin>118</xmin>
			<ymin>365</ymin>
			<xmax>423</xmax>
			<ymax>437</ymax>
		</bndbox>
	</object>
</annotation>
