<annotation>
	<folder>all</folder>
	<filename>000031.jpg</filename>
	<path>/home/trevol/hdd/Datasets/counters/Musson_counters/all/000031.jpg</path>
	<source>
		<database>Unknown</database>
	</source>
	<size>
		<width>960</width>
		<height>1280</height>
		<depth>3</depth>
	</size>
	<segmented>0</segmented>
	<object>
		<name>counter</name>
		<pose>Unspecified</pose>
		<truncated>0</truncated>
		<difficult>0</difficult>
		<bndbox>
			<xmin>10</xmin>
			<ymin>186</ymin>
			<xmax>954</xmax>
			<ymax>1269</ymax>
		</bndbox>
	</object>
	<object>
		<name>counter_screen</name>
		<pose>Unspecified</pose>
		<truncated>0</truncated>
		<difficult>0</difficult>
		<bndbox>
			<xmin>133</xmin>
			<ymin>402</ymin>
			<xmax>450</xmax>
			<ymax>482</ymax>
		</bndbox>
	</object>
</annotation>
