<annotation>
	<folder>all</folder>
	<filename>000005.jpg</filename>
	<path>/home/trevol/hdd/Datasets/counters/Musson_counters/all/000005.jpg</path>
	<source>
		<database>Unknown</database>
	</source>
	<size>
		<width>960</width>
		<height>1280</height>
		<depth>3</depth>
	</size>
	<segmented>0</segmented>
	<object>
		<name>counter</name>
		<pose>Unspecified</pose>
		<truncated>0</truncated>
		<difficult>0</difficult>
		<bndbox>
			<xmin>4</xmin>
			<ymin>134</ymin>
			<xmax>932</xmax>
			<ymax>1062</ymax>
		</bndbox>
	</object>
	<object>
		<name>counter_screen</name>
		<pose>Unspecified</pose>
		<truncated>1</truncated>
		<difficult>0</difficult>
		<bndbox>
			<xmin>1</xmin>
			<ymin>321</ymin>
			<xmax>611</xmax>
			<ymax>486</ymax>
		</bndbox>
	</object>
</annotation>
