<annotation>
	<folder>all</folder>
	<filename>000011.jpg</filename>
	<path>/home/trevol/hdd/Datasets/counters/Musson_counters/all/000011.jpg</path>
	<source>
		<database>Unknown</database>
	</source>
	<size>
		<width>960</width>
		<height>1280</height>
		<depth>3</depth>
	</size>
	<segmented>0</segmented>
	<object>
		<name>counter</name>
		<pose>Unspecified</pose>
		<truncated>0</truncated>
		<difficult>0</difficult>
		<bndbox>
			<xmin>36</xmin>
			<ymin>140</ymin>
			<xmax>944</xmax>
			<ymax>1228</ymax>
		</bndbox>
	</object>
	<object>
		<name>counter_screen</name>
		<pose>Unspecified</pose>
		<truncated>0</truncated>
		<difficult>0</difficult>
		<bndbox>
			<xmin>185</xmin>
			<ymin>322</ymin>
			<xmax>458</xmax>
			<ymax>397</ymax>
		</bndbox>
	</object>
</annotation>
