<annotation>
	<folder>all</folder>
	<filename>000034.jpg</filename>
	<path>/home/trevol/hdd/Datasets/counters/Musson_counters/all/000034.jpg</path>
	<source>
		<database>Unknown</database>
	</source>
	<size>
		<width>960</width>
		<height>1280</height>
		<depth>3</depth>
	</size>
	<segmented>0</segmented>
	<object>
		<name>counter</name>
		<pose>Unspecified</pose>
		<truncated>0</truncated>
		<difficult>0</difficult>
		<bndbox>
			<xmin>96</xmin>
			<ymin>84</ymin>
			<xmax>956</xmax>
			<ymax>1274</ymax>
		</bndbox>
	</object>
	<object>
		<name>counter_screen</name>
		<pose>Unspecified</pose>
		<truncated>0</truncated>
		<difficult>0</difficult>
		<bndbox>
			<xmin>187</xmin>
			<ymin>341</ymin>
			<xmax>381</xmax>
			<ymax>432</ymax>
		</bndbox>
	</object>
</annotation>
