<annotation>
	<folder>all</folder>
	<filename>000021.jpg</filename>
	<path>/home/trevol/hdd/Datasets/counters/Musson_counters/all/000021.jpg</path>
	<source>
		<database>Unknown</database>
	</source>
	<size>
		<width>960</width>
		<height>1280</height>
		<depth>3</depth>
	</size>
	<segmented>0</segmented>
	<object>
		<name>counter</name>
		<pose>Unspecified</pose>
		<truncated>1</truncated>
		<difficult>0</difficult>
		<bndbox>
			<xmin>6</xmin>
			<ymin>85</ymin>
			<xmax>960</xmax>
			<ymax>1273</ymax>
		</bndbox>
	</object>
	<object>
		<name>counter_screen</name>
		<pose>Unspecified</pose>
		<truncated>0</truncated>
		<difficult>0</difficult>
		<bndbox>
			<xmin>158</xmin>
			<ymin>288</ymin>
			<xmax>455</xmax>
			<ymax>358</ymax>
		</bndbox>
	</object>
</annotation>
