<annotation>
	<folder>all</folder>
	<filename>000038.jpg</filename>
	<path>/home/trevol/hdd/Datasets/counters/Musson_counters/all/000038.jpg</path>
	<source>
		<database>Unknown</database>
	</source>
	<size>
		<width>960</width>
		<height>1280</height>
		<depth>3</depth>
	</size>
	<segmented>0</segmented>
	<object>
		<name>counter</name>
		<pose>Unspecified</pose>
		<truncated>1</truncated>
		<difficult>0</difficult>
		<bndbox>
			<xmin>22</xmin>
			<ymin>56</ymin>
			<xmax>960</xmax>
			<ymax>1276</ymax>
		</bndbox>
	</object>
	<object>
		<name>counter_screen</name>
		<pose>Unspecified</pose>
		<truncated>0</truncated>
		<difficult>0</difficult>
		<bndbox>
			<xmin>154</xmin>
			<ymin>333</ymin>
			<xmax>443</xmax>
			<ymax>421</ymax>
		</bndbox>
	</object>
</annotation>
