<annotation>
	<folder>all</folder>
	<filename>000022.jpg</filename>
	<path>/home/trevol/hdd/Datasets/counters/Musson_counters/all/000022.jpg</path>
	<source>
		<database>Unknown</database>
	</source>
	<size>
		<width>960</width>
		<height>1280</height>
		<depth>3</depth>
	</size>
	<segmented>0</segmented>
	<object>
		<name>counter</name>
		<pose>Unspecified</pose>
		<truncated>1</truncated>
		<difficult>0</difficult>
		<bndbox>
			<xmin>1</xmin>
			<ymin>110</ymin>
			<xmax>952</xmax>
			<ymax>1270</ymax>
		</bndbox>
	</object>
	<object>
		<name>counter_screen</name>
		<pose>Unspecified</pose>
		<truncated>0</truncated>
		<difficult>0</difficult>
		<bndbox>
			<xmin>151</xmin>
			<ymin>294</ymin>
			<xmax>442</xmax>
			<ymax>370</ymax>
		</bndbox>
	</object>
</annotation>
