<annotation>
	<folder>all</folder>
	<filename>000039.jpg</filename>
	<path>/home/trevol/hdd/Datasets/counters/Musson_counters/all/000039.jpg</path>
	<source>
		<database>Unknown</database>
	</source>
	<size>
		<width>960</width>
		<height>1280</height>
		<depth>3</depth>
	</size>
	<segmented>0</segmented>
	<object>
		<name>counter</name>
		<pose>Unspecified</pose>
		<truncated>0</truncated>
		<difficult>0</difficult>
		<bndbox>
			<xmin>104</xmin>
			<ymin>310</ymin>
			<xmax>867</xmax>
			<ymax>1172</ymax>
		</bndbox>
	</object>
	<object>
		<name>counter_screen</name>
		<pose>Unspecified</pose>
		<truncated>0</truncated>
		<difficult>0</difficult>
		<bndbox>
			<xmin>162</xmin>
			<ymin>424</ymin>
			<xmax>557</xmax>
			<ymax>549</ymax>
		</bndbox>
	</object>
</annotation>
