<annotation>
	<folder>all</folder>
	<filename>000010.jpg</filename>
	<path>/home/trevol/hdd/Datasets/counters/Musson_counters/all/000010.jpg</path>
	<source>
		<database>Unknown</database>
	</source>
	<size>
		<width>960</width>
		<height>1280</height>
		<depth>3</depth>
	</size>
	<segmented>0</segmented>
	<object>
		<name>counter</name>
		<pose>Unspecified</pose>
		<truncated>0</truncated>
		<difficult>0</difficult>
		<bndbox>
			<xmin>4</xmin>
			<ymin>89</ymin>
			<xmax>951</xmax>
			<ymax>1266</ymax>
		</bndbox>
	</object>
	<object>
		<name>counter_screen</name>
		<pose>Unspecified</pose>
		<truncated>0</truncated>
		<difficult>0</difficult>
		<bndbox>
			<xmin>147</xmin>
			<ymin>285</ymin>
			<xmax>446</xmax>
			<ymax>357</ymax>
		</bndbox>
	</object>
</annotation>
