<annotation>
	<folder>all</folder>
	<filename>000037.jpg</filename>
	<path>/home/trevol/hdd/Datasets/counters/Musson_counters/all/000037.jpg</path>
	<source>
		<database>Unknown</database>
	</source>
	<size>
		<width>960</width>
		<height>1280</height>
		<depth>3</depth>
	</size>
	<segmented>0</segmented>
	<object>
		<name>counter</name>
		<pose>Unspecified</pose>
		<truncated>0</truncated>
		<difficult>0</difficult>
		<bndbox>
			<xmin>2</xmin>
			<ymin>8</ymin>
			<xmax>952</xmax>
			<ymax>1260</ymax>
		</bndbox>
	</object>
	<object>
		<name>counter_screen</name>
		<pose>Unspecified</pose>
		<truncated>0</truncated>
		<difficult>0</difficult>
		<bndbox>
			<xmin>114</xmin>
			<ymin>185</ymin>
			<xmax>423</xmax>
			<ymax>261</ymax>
		</bndbox>
	</object>
</annotation>
