<annotation>
	<folder>all</folder>
	<filename>000035.jpg</filename>
	<path>/home/trevol/hdd/Datasets/counters/Musson_counters/all/000035.jpg</path>
	<source>
		<database>Unknown</database>
	</source>
	<size>
		<width>960</width>
		<height>1280</height>
		<depth>3</depth>
	</size>
	<segmented>0</segmented>
	<object>
		<name>counter</name>
		<pose>Unspecified</pose>
		<truncated>0</truncated>
		<difficult>0</difficult>
		<bndbox>
			<xmin>123</xmin>
			<ymin>149</ymin>
			<xmax>952</xmax>
			<ymax>1269</ymax>
		</bndbox>
	</object>
	<object>
		<name>counter_screen</name>
		<pose>Unspecified</pose>
		<truncated>0</truncated>
		<difficult>0</difficult>
		<bndbox>
			<xmin>306</xmin>
			<ymin>364</ymin>
			<xmax>594</xmax>
			<ymax>473</ymax>
		</bndbox>
	</object>
</annotation>
