<annotation>
	<folder>all</folder>
	<filename>000020.jpg</filename>
	<path>/home/trevol/hdd/Datasets/counters/Musson_counters/all/000020.jpg</path>
	<source>
		<database>Unknown</database>
	</source>
	<size>
		<width>960</width>
		<height>1280</height>
		<depth>3</depth>
	</size>
	<segmented>0</segmented>
	<object>
		<name>counter</name>
		<pose>Unspecified</pose>
		<truncated>1</truncated>
		<difficult>0</difficult>
		<bndbox>
			<xmin>4</xmin>
			<ymin>98</ymin>
			<xmax>960</xmax>
			<ymax>1235</ymax>
		</bndbox>
	</object>
	<object>
		<name>counter_screen</name>
		<pose>Unspecified</pose>
		<truncated>0</truncated>
		<difficult>0</difficult>
		<bndbox>
			<xmin>159</xmin>
			<ymin>288</ymin>
			<xmax>445</xmax>
			<ymax>361</ymax>
		</bndbox>
	</object>
</annotation>
