<annotation>
	<folder>all</folder>
	<filename>000041.jpg</filename>
	<path>/home/trevol/hdd/Datasets/counters/Musson_counters/all/000041.jpg</path>
	<source>
		<database>Unknown</database>
	</source>
	<size>
		<width>960</width>
		<height>1280</height>
		<depth>3</depth>
	</size>
	<segmented>0</segmented>
	<object>
		<name>counter</name>
		<pose>Unspecified</pose>
		<truncated>0</truncated>
		<difficult>0</difficult>
		<bndbox>
			<xmin>40</xmin>
			<ymin>280</ymin>
			<xmax>898</xmax>
			<ymax>1206</ymax>
		</bndbox>
	</object>
	<object>
		<name>counter_screen</name>
		<pose>Unspecified</pose>
		<truncated>0</truncated>
		<difficult>0</difficult>
		<bndbox>
			<xmin>151</xmin>
			<ymin>398</ymin>
			<xmax>542</xmax>
			<ymax>533</ymax>
		</bndbox>
	</object>
</annotation>
