<annotation>
	<folder>all</folder>
	<filename>000045.jpg</filename>
	<path>/home/trevol/hdd/Datasets/counters/Musson_counters/all/000045.jpg</path>
	<source>
		<database>Unknown</database>
	</source>
	<size>
		<width>960</width>
		<height>1280</height>
		<depth>3</depth>
	</size>
	<segmented>0</segmented>
	<object>
		<name>counter</name>
		<pose>Unspecified</pose>
		<truncated>1</truncated>
		<difficult>0</difficult>
		<bndbox>
			<xmin>160</xmin>
			<ymin>244</ymin>
			<xmax>916</xmax>
			<ymax>1280</ymax>
		</bndbox>
	</object>
	<object>
		<name>counter_screen</name>
		<pose>Unspecified</pose>
		<truncated>0</truncated>
		<difficult>0</difficult>
		<bndbox>
			<xmin>239</xmin>
			<ymin>372</ymin>
			<xmax>586</xmax>
			<ymax>470</ymax>
		</bndbox>
	</object>
</annotation>
