<annotation>
	<folder>all</folder>
	<filename>000027.jpg</filename>
	<path>/home/trevol/hdd/Datasets/counters/Musson_counters/all/000027.jpg</path>
	<source>
		<database>Unknown</database>
	</source>
	<size>
		<width>960</width>
		<height>1280</height>
		<depth>3</depth>
	</size>
	<segmented>0</segmented>
	<object>
		<name>counter</name>
		<pose>Unspecified</pose>
		<truncated>0</truncated>
		<difficult>0</difficult>
		<bndbox>
			<xmin>4</xmin>
			<ymin>117</ymin>
			<xmax>954</xmax>
			<ymax>1278</ymax>
		</bndbox>
	</object>
	<object>
		<name>counter_screen</name>
		<pose>Unspecified</pose>
		<truncated>0</truncated>
		<difficult>0</difficult>
		<bndbox>
			<xmin>151</xmin>
			<ymin>309</ymin>
			<xmax>459</xmax>
			<ymax>386</ymax>
		</bndbox>
	</object>
</annotation>
