<annotation>
	<folder>all</folder>
	<filename>000013.jpg</filename>
	<path>/home/trevol/hdd/Datasets/counters/Musson_counters/all/000013.jpg</path>
	<source>
		<database>Unknown</database>
	</source>
	<size>
		<width>960</width>
		<height>1280</height>
		<depth>3</depth>
	</size>
	<segmented>0</segmented>
	<object>
		<name>counter</name>
		<pose>Unspecified</pose>
		<truncated>1</truncated>
		<difficult>0</difficult>
		<bndbox>
			<xmin>4</xmin>
			<ymin>49</ymin>
			<xmax>960</xmax>
			<ymax>1233</ymax>
		</bndbox>
	</object>
	<object>
		<name>counter_screen</name>
		<pose>Unspecified</pose>
		<truncated>0</truncated>
		<difficult>0</difficult>
		<bndbox>
			<xmin>166</xmin>
			<ymin>254</ymin>
			<xmax>478</xmax>
			<ymax>329</ymax>
		</bndbox>
	</object>
</annotation>
