<annotation>
	<folder>all</folder>
	<filename>000042.jpg</filename>
	<path>/home/trevol/hdd/Datasets/counters/Musson_counters/all/000042.jpg</path>
	<source>
		<database>Unknown</database>
	</source>
	<size>
		<width>960</width>
		<height>1280</height>
		<depth>3</depth>
	</size>
	<segmented>0</segmented>
	<object>
		<name>counter</name>
		<pose>Unspecified</pose>
		<truncated>0</truncated>
		<difficult>0</difficult>
		<bndbox>
			<xmin>50</xmin>
			<ymin>222</ymin>
			<xmax>950</xmax>
			<ymax>1209</ymax>
		</bndbox>
	</object>
	<object>
		<name>counter_screen</name>
		<pose>Unspecified</pose>
		<truncated>0</truncated>
		<difficult>0</difficult>
		<bndbox>
			<xmin>147</xmin>
			<ymin>336</ymin>
			<xmax>579</xmax>
			<ymax>485</ymax>
		</bndbox>
	</object>
</annotation>
