<annotation>
	<folder>all</folder>
	<filename>000014.jpg</filename>
	<path>/home/trevol/hdd/Datasets/counters/Musson_counters/all/000014.jpg</path>
	<source>
		<database>Unknown</database>
	</source>
	<size>
		<width>960</width>
		<height>1280</height>
		<depth>3</depth>
	</size>
	<segmented>0</segmented>
	<object>
		<name>counter</name>
		<pose>Unspecified</pose>
		<truncated>0</truncated>
		<difficult>0</difficult>
		<bndbox>
			<xmin>6</xmin>
			<ymin>156</ymin>
			<xmax>942</xmax>
			<ymax>1214</ymax>
		</bndbox>
	</object>
	<object>
		<name>counter_screen</name>
		<pose>Unspecified</pose>
		<truncated>0</truncated>
		<difficult>0</difficult>
		<bndbox>
			<xmin>145</xmin>
			<ymin>350</ymin>
			<xmax>434</xmax>
			<ymax>421</ymax>
		</bndbox>
	</object>
</annotation>
