<annotation>
	<folder>all</folder>
	<filename>000001.jpg</filename>
	<path>/home/trevol/hdd/Datasets/counters/Musson_counters/all/000001.jpg</path>
	<source>
		<database>Unknown</database>
	</source>
	<size>
		<width>960</width>
		<height>1280</height>
		<depth>3</depth>
	</size>
	<segmented>0</segmented>
	<object>
		<name>counter</name>
		<pose>Unspecified</pose>
		<truncated>0</truncated>
		<difficult>0</difficult>
		<bndbox>
			<xmin>55</xmin>
			<ymin>233</ymin>
			<xmax>928</xmax>
			<ymax>1237</ymax>
		</bndbox>
	</object>
	<object>
		<name>counter_screen</name>
		<pose>Unspecified</pose>
		<truncated>0</truncated>
		<difficult>0</difficult>
		<bndbox>
			<xmin>175</xmin>
			<ymin>366</ymin>
			<xmax>471</xmax>
			<ymax>461</ymax>
		</bndbox>
	</object>
</annotation>
