<annotation>
	<folder>all</folder>
	<filename>000016.jpg</filename>
	<path>/home/trevol/hdd/Datasets/counters/Musson_counters/all/000016.jpg</path>
	<source>
		<database>Unknown</database>
	</source>
	<size>
		<width>960</width>
		<height>1280</height>
		<depth>3</depth>
	</size>
	<segmented>0</segmented>
	<object>
		<name>counter</name>
		<pose>Unspecified</pose>
		<truncated>0</truncated>
		<difficult>0</difficult>
		<bndbox>
			<xmin>3</xmin>
			<ymin>168</ymin>
			<xmax>952</xmax>
			<ymax>1237</ymax>
		</bndbox>
	</object>
	<object>
		<name>counter_screen</name>
		<pose>Unspecified</pose>
		<truncated>0</truncated>
		<difficult>0</difficult>
		<bndbox>
			<xmin>98</xmin>
			<ymin>378</ymin>
			<xmax>410</xmax>
			<ymax>458</ymax>
		</bndbox>
	</object>
</annotation>
