<annotation>
	<folder>all</folder>
	<filename>000033.jpg</filename>
	<path>/home/trevol/hdd/Datasets/counters/Musson_counters/all/000033.jpg</path>
	<source>
		<database>Unknown</database>
	</source>
	<size>
		<width>960</width>
		<height>1280</height>
		<depth>3</depth>
	</size>
	<segmented>0</segmented>
	<object>
		<name>counter</name>
		<pose>Unspecified</pose>
		<truncated>0</truncated>
		<difficult>0</difficult>
		<bndbox>
			<xmin>2</xmin>
			<ymin>172</ymin>
			<xmax>947</xmax>
			<ymax>1269</ymax>
		</bndbox>
	</object>
	<object>
		<name>counter_screen</name>
		<pose>Unspecified</pose>
		<truncated>0</truncated>
		<difficult>0</difficult>
		<bndbox>
			<xmin>97</xmin>
			<ymin>388</ymin>
			<xmax>405</xmax>
			<ymax>470</ymax>
		</bndbox>
	</object>
</annotation>
