<annotation>
	<folder>all</folder>
	<filename>000009.jpg</filename>
	<path>/home/trevol/hdd/Datasets/counters/Musson_counters/all/000009.jpg</path>
	<source>
		<database>Unknown</database>
	</source>
	<size>
		<width>960</width>
		<height>1280</height>
		<depth>3</depth>
	</size>
	<segmented>0</segmented>
	<object>
		<name>counter</name>
		<pose>Unspecified</pose>
		<truncated>0</truncated>
		<difficult>0</difficult>
		<bndbox>
			<xmin>6</xmin>
			<ymin>156</ymin>
			<xmax>939</xmax>
			<ymax>1228</ymax>
		</bndbox>
	</object>
	<object>
		<name>counter_screen</name>
		<pose>Unspecified</pose>
		<truncated>0</truncated>
		<difficult>0</difficult>
		<bndbox>
			<xmin>81</xmin>
			<ymin>346</ymin>
			<xmax>537</xmax>
			<ymax>477</ymax>
		</bndbox>
	</object>
</annotation>
