<annotation>
	<folder>all</folder>
	<filename>000026.jpg</filename>
	<path>/home/trevol/hdd/Datasets/counters/Musson_counters/all/000026.jpg</path>
	<source>
		<database>Unknown</database>
	</source>
	<size>
		<width>960</width>
		<height>1280</height>
		<depth>3</depth>
	</size>
	<segmented>0</segmented>
	<object>
		<name>counter</name>
		<pose>Unspecified</pose>
		<truncated>1</truncated>
		<difficult>0</difficult>
		<bndbox>
			<xmin>3</xmin>
			<ymin>104</ymin>
			<xmax>960</xmax>
			<ymax>1243</ymax>
		</bndbox>
	</object>
	<object>
		<name>counter_screen</name>
		<pose>Unspecified</pose>
		<truncated>0</truncated>
		<difficult>0</difficult>
		<bndbox>
			<xmin>165</xmin>
			<ymin>288</ymin>
			<xmax>453</xmax>
			<ymax>364</ymax>
		</bndbox>
	</object>
</annotation>
