<annotation>
	<folder>all</folder>
	<filename>000000.jpg</filename>
	<path>/home/trevol/hdd/Datasets/counters/Musson_counters/all/000000.jpg</path>
	<source>
		<database>Unknown</database>
	</source>
	<size>
		<width>960</width>
		<height>1280</height>
		<depth>3</depth>
	</size>
	<segmented>0</segmented>
	<object>
		<name>counter</name>
		<pose>Unspecified</pose>
		<truncated>0</truncated>
		<difficult>0</difficult>
		<bndbox>
			<xmin>15</xmin>
			<ymin>205</ymin>
			<xmax>922</xmax>
			<ymax>1222</ymax>
		</bndbox>
	</object>
	<object>
		<name>counter_screen</name>
		<pose>Unspecified</pose>
		<truncated>0</truncated>
		<difficult>0</difficult>
		<bndbox>
			<xmin>137</xmin>
			<ymin>365</ymin>
			<xmax>449</xmax>
			<ymax>453</ymax>
		</bndbox>
	</object>
</annotation>
