<annotation>
	<folder>all</folder>
	<filename>000018.jpg</filename>
	<path>/home/trevol/hdd/Datasets/counters/Musson_counters/all/000018.jpg</path>
	<source>
		<database>Unknown</database>
	</source>
	<size>
		<width>960</width>
		<height>1280</height>
		<depth>3</depth>
	</size>
	<segmented>0</segmented>
	<object>
		<name>counter</name>
		<pose>Unspecified</pose>
		<truncated>0</truncated>
		<difficult>0</difficult>
		<bndbox>
			<xmin>16</xmin>
			<ymin>189</ymin>
			<xmax>939</xmax>
			<ymax>1205</ymax>
		</bndbox>
	</object>
	<object>
		<name>counter_screen</name>
		<pose>Unspecified</pose>
		<truncated>0</truncated>
		<difficult>0</difficult>
		<bndbox>
			<xmin>129</xmin>
			<ymin>390</ymin>
			<xmax>430</xmax>
			<ymax>465</ymax>
		</bndbox>
	</object>
</annotation>
