<annotation>
	<folder>all</folder>
	<filename>000028.jpg</filename>
	<path>/home/trevol/hdd/Datasets/counters/Musson_counters/all/000028.jpg</path>
	<source>
		<database>Unknown</database>
	</source>
	<size>
		<width>960</width>
		<height>1280</height>
		<depth>3</depth>
	</size>
	<segmented>0</segmented>
	<object>
		<name>counter</name>
		<pose>Unspecified</pose>
		<truncated>0</truncated>
		<difficult>0</difficult>
		<bndbox>
			<xmin>7</xmin>
			<ymin>169</ymin>
			<xmax>956</xmax>
			<ymax>1210</ymax>
		</bndbox>
	</object>
	<object>
		<name>counter_screen</name>
		<pose>Unspecified</pose>
		<truncated>0</truncated>
		<difficult>0</difficult>
		<bndbox>
			<xmin>129</xmin>
			<ymin>388</ymin>
			<xmax>437</xmax>
			<ymax>464</ymax>
		</bndbox>
	</object>
</annotation>
