<annotation>
	<folder>all</folder>
	<filename>000023.jpg</filename>
	<path>/home/trevol/hdd/Datasets/counters/Musson_counters/all/000023.jpg</path>
	<source>
		<database>Unknown</database>
	</source>
	<size>
		<width>960</width>
		<height>1280</height>
		<depth>3</depth>
	</size>
	<segmented>0</segmented>
	<object>
		<name>counter</name>
		<pose>Unspecified</pose>
		<truncated>0</truncated>
		<difficult>0</difficult>
		<bndbox>
			<xmin>2</xmin>
			<ymin>70</ymin>
			<xmax>955</xmax>
			<ymax>1254</ymax>
		</bndbox>
	</object>
	<object>
		<name>counter_screen</name>
		<pose>Unspecified</pose>
		<truncated>0</truncated>
		<difficult>0</difficult>
		<bndbox>
			<xmin>139</xmin>
			<ymin>269</ymin>
			<xmax>442</xmax>
			<ymax>346</ymax>
		</bndbox>
	</object>
</annotation>
