<annotation>
	<folder>all</folder>
	<filename>000015.jpg</filename>
	<path>/home/trevol/hdd/Datasets/counters/Musson_counters/all/000015.jpg</path>
	<source>
		<database>Unknown</database>
	</source>
	<size>
		<width>960</width>
		<height>1280</height>
		<depth>3</depth>
	</size>
	<segmented>0</segmented>
	<object>
		<name>counter</name>
		<pose>Unspecified</pose>
		<truncated>0</truncated>
		<difficult>0</difficult>
		<bndbox>
			<xmin>14</xmin>
			<ymin>104</ymin>
			<xmax>959</xmax>
			<ymax>1229</ymax>
		</bndbox>
	</object>
	<object>
		<name>counter_screen</name>
		<pose>Unspecified</pose>
		<truncated>0</truncated>
		<difficult>0</difficult>
		<bndbox>
			<xmin>158</xmin>
			<ymin>324</ymin>
			<xmax>461</xmax>
			<ymax>400</ymax>
		</bndbox>
	</object>
</annotation>
