<annotation>
	<folder>all</folder>
	<filename>000030.jpg</filename>
	<path>/home/trevol/hdd/Datasets/counters/Musson_counters/all/000030.jpg</path>
	<source>
		<database>Unknown</database>
	</source>
	<size>
		<width>960</width>
		<height>1280</height>
		<depth>3</depth>
	</size>
	<segmented>0</segmented>
	<object>
		<name>counter</name>
		<pose>Unspecified</pose>
		<truncated>0</truncated>
		<difficult>0</difficult>
		<bndbox>
			<xmin>2</xmin>
			<ymin>154</ymin>
			<xmax>958</xmax>
			<ymax>1237</ymax>
		</bndbox>
	</object>
	<object>
		<name>counter_screen</name>
		<pose>Unspecified</pose>
		<truncated>0</truncated>
		<difficult>0</difficult>
		<bndbox>
			<xmin>130</xmin>
			<ymin>376</ymin>
			<xmax>441</xmax>
			<ymax>456</ymax>
		</bndbox>
	</object>
</annotation>
