<annotation>
	<folder>all</folder>
	<filename>000044.jpg</filename>
	<path>/home/trevol/hdd/Datasets/counters/Musson_counters/all/000044.jpg</path>
	<source>
		<database>Unknown</database>
	</source>
	<size>
		<width>960</width>
		<height>1280</height>
		<depth>3</depth>
	</size>
	<segmented>0</segmented>
	<object>
		<name>counter</name>
		<pose>Unspecified</pose>
		<truncated>0</truncated>
		<difficult>0</difficult>
		<bndbox>
			<xmin>115</xmin>
			<ymin>240</ymin>
			<xmax>862</xmax>
			<ymax>1272</ymax>
		</bndbox>
	</object>
	<object>
		<name>counter_screen</name>
		<pose>Unspecified</pose>
		<truncated>0</truncated>
		<difficult>0</difficult>
		<bndbox>
			<xmin>198</xmin>
			<ymin>373</ymin>
			<xmax>555</xmax>
			<ymax>474</ymax>
		</bndbox>
	</object>
</annotation>
