<annotation>
	<folder>all</folder>
	<filename>000040.jpg</filename>
	<path>/home/trevol/hdd/Datasets/counters/Musson_counters/all/000040.jpg</path>
	<source>
		<database>Unknown</database>
	</source>
	<size>
		<width>960</width>
		<height>1280</height>
		<depth>3</depth>
	</size>
	<segmented>0</segmented>
	<object>
		<name>counter</name>
		<pose>Unspecified</pose>
		<truncated>0</truncated>
		<difficult>0</difficult>
		<bndbox>
			<xmin>123</xmin>
			<ymin>369</ymin>
			<xmax>847</xmax>
			<ymax>1133</ymax>
		</bndbox>
	</object>
	<object>
		<name>counter_screen</name>
		<pose>Unspecified</pose>
		<truncated>0</truncated>
		<difficult>0</difficult>
		<bndbox>
			<xmin>210</xmin>
			<ymin>465</ymin>
			<xmax>559</xmax>
			<ymax>585</ymax>
		</bndbox>
	</object>
</annotation>
