<annotation>
	<folder>all</folder>
	<filename>000036.jpg</filename>
	<path>/home/trevol/hdd/Datasets/counters/Musson_counters/all/000036.jpg</path>
	<source>
		<database>Unknown</database>
	</source>
	<size>
		<width>960</width>
		<height>1280</height>
		<depth>3</depth>
	</size>
	<segmented>0</segmented>
	<object>
		<name>counter</name>
		<pose>Unspecified</pose>
		<truncated>0</truncated>
		<difficult>0</difficult>
		<bndbox>
			<xmin>6</xmin>
			<ymin>4</ymin>
			<xmax>956</xmax>
			<ymax>1274</ymax>
		</bndbox>
	</object>
	<object>
		<name>counter_screen</name>
		<pose>Unspecified</pose>
		<truncated>0</truncated>
		<difficult>0</difficult>
		<bndbox>
			<xmin>47</xmin>
			<ymin>413</ymin>
			<xmax>815</xmax>
			<ymax>597</ymax>
		</bndbox>
	</object>
</annotation>
