<annotation>
	<folder>all</folder>
	<filename>000003.jpg</filename>
	<path>/home/trevol/hdd/Datasets/counters/Musson_counters/all/000003.jpg</path>
	<source>
		<database>Unknown</database>
	</source>
	<size>
		<width>960</width>
		<height>1280</height>
		<depth>3</depth>
	</size>
	<segmented>0</segmented>
	<object>
		<name>counter</name>
		<pose>Unspecified</pose>
		<truncated>0</truncated>
		<difficult>0</difficult>
		<bndbox>
			<xmin>28</xmin>
			<ymin>293</ymin>
			<xmax>868</xmax>
			<ymax>966</ymax>
		</bndbox>
	</object>
	<object>
		<name>counter_screen</name>
		<pose>Unspecified</pose>
		<truncated>0</truncated>
		<difficult>0</difficult>
		<bndbox>
			<xmin>71</xmin>
			<ymin>396</ymin>
			<xmax>610</xmax>
			<ymax>533</ymax>
		</bndbox>
	</object>
</annotation>
