<annotation>
	<folder>all</folder>
	<filename>000043.jpg</filename>
	<path>/home/trevol/hdd/Datasets/counters/Musson_counters/all/000043.jpg</path>
	<source>
		<database>Unknown</database>
	</source>
	<size>
		<width>960</width>
		<height>1280</height>
		<depth>3</depth>
	</size>
	<segmented>0</segmented>
	<object>
		<name>counter</name>
		<pose>Unspecified</pose>
		<truncated>1</truncated>
		<difficult>0</difficult>
		<bndbox>
			<xmin>7</xmin>
			<ymin>153</ymin>
			<xmax>960</xmax>
			<ymax>1260</ymax>
		</bndbox>
	</object>
	<object>
		<name>counter_screen</name>
		<pose>Unspecified</pose>
		<truncated>0</truncated>
		<difficult>0</difficult>
		<bndbox>
			<xmin>94</xmin>
			<ymin>325</ymin>
			<xmax>557</xmax>
			<ymax>474</ymax>
		</bndbox>
	</object>
</annotation>
