<annotation>
	<folder>all</folder>
	<filename>000025.jpg</filename>
	<path>/home/trevol/hdd/Datasets/counters/Musson_counters/all/000025.jpg</path>
	<source>
		<database>Unknown</database>
	</source>
	<size>
		<width>960</width>
		<height>1280</height>
		<depth>3</depth>
	</size>
	<segmented>0</segmented>
	<object>
		<name>counter</name>
		<pose>Unspecified</pose>
		<truncated>0</truncated>
		<difficult>0</difficult>
		<bndbox>
			<xmin>23</xmin>
			<ymin>382</ymin>
			<xmax>848</xmax>
			<ymax>1253</ymax>
		</bndbox>
	</object>
	<object>
		<name>counter_screen</name>
		<pose>Unspecified</pose>
		<truncated>0</truncated>
		<difficult>0</difficult>
		<bndbox>
			<xmin>103</xmin>
			<ymin>498</ymin>
			<xmax>523</xmax>
			<ymax>638</ymax>
		</bndbox>
	</object>
</annotation>
