<annotation>
	<folder>all</folder>
	<filename>000002.jpg</filename>
	<path>/home/trevol/hdd/Datasets/counters/Musson_counters/all/000002.jpg</path>
	<source>
		<database>Unknown</database>
	</source>
	<size>
		<width>960</width>
		<height>1280</height>
		<depth>3</depth>
	</size>
	<segmented>0</segmented>
	<object>
		<name>counter</name>
		<pose>Unspecified</pose>
		<truncated>0</truncated>
		<difficult>0</difficult>
		<bndbox>
			<xmin>47</xmin>
			<ymin>129</ymin>
			<xmax>954</xmax>
			<ymax>1237</ymax>
		</bndbox>
	</object>
	<object>
		<name>counter_screen</name>
		<pose>Unspecified</pose>
		<truncated>0</truncated>
		<difficult>0</difficult>
		<bndbox>
			<xmin>219</xmin>
			<ymin>310</ymin>
			<xmax>541</xmax>
			<ymax>416</ymax>
		</bndbox>
	</object>
</annotation>
