<annotation>
	<folder>all</folder>
	<filename>000008.jpg</filename>
	<path>/home/trevol/hdd/Datasets/counters/Musson_counters/all/000008.jpg</path>
	<source>
		<database>Unknown</database>
	</source>
	<size>
		<width>960</width>
		<height>1280</height>
		<depth>3</depth>
	</size>
	<segmented>0</segmented>
	<object>
		<name>counter</name>
		<pose>Unspecified</pose>
		<truncated>0</truncated>
		<difficult>0</difficult>
		<bndbox>
			<xmin>26</xmin>
			<ymin>192</ymin>
			<xmax>924</xmax>
			<ymax>1257</ymax>
		</bndbox>
	</object>
	<object>
		<name>counter_screen</name>
		<pose>Unspecified</pose>
		<truncated>0</truncated>
		<difficult>0</difficult>
		<bndbox>
			<xmin>162</xmin>
			<ymin>377</ymin>
			<xmax>439</xmax>
			<ymax>453</ymax>
		</bndbox>
	</object>
</annotation>
