<annotation>
	<folder>all</folder>
	<filename>000012.jpg</filename>
	<path>/home/trevol/hdd/Datasets/counters/Musson_counters/all/000012.jpg</path>
	<source>
		<database>Unknown</database>
	</source>
	<size>
		<width>960</width>
		<height>1280</height>
		<depth>3</depth>
	</size>
	<segmented>0</segmented>
	<object>
		<name>counter</name>
		<pose>Unspecified</pose>
		<truncated>0</truncated>
		<difficult>0</difficult>
		<bndbox>
			<xmin>32</xmin>
			<ymin>169</ymin>
			<xmax>946</xmax>
			<ymax>1249</ymax>
		</bndbox>
	</object>
	<object>
		<name>counter_screen</name>
		<pose>Unspecified</pose>
		<truncated>0</truncated>
		<difficult>0</difficult>
		<bndbox>
			<xmin>179</xmin>
			<ymin>349</ymin>
			<xmax>457</xmax>
			<ymax>426</ymax>
		</bndbox>
	</object>
</annotation>
