<annotation>
	<folder>all</folder>
	<filename>000007.jpg</filename>
	<path>/home/trevol/hdd/Datasets/counters/Musson_counters/all/000007.jpg</path>
	<source>
		<database>Unknown</database>
	</source>
	<size>
		<width>960</width>
		<height>1280</height>
		<depth>3</depth>
	</size>
	<segmented>0</segmented>
	<object>
		<name>counter</name>
		<pose>Unspecified</pose>
		<truncated>0</truncated>
		<difficult>0</difficult>
		<bndbox>
			<xmin>4</xmin>
			<ymin>225</ymin>
			<xmax>944</xmax>
			<ymax>1165</ymax>
		</bndbox>
	</object>
	<object>
		<name>counter_screen</name>
		<pose>Unspecified</pose>
		<truncated>0</truncated>
		<difficult>0</difficult>
		<bndbox>
			<xmin>86</xmin>
			<ymin>425</ymin>
			<xmax>542</xmax>
			<ymax>544</ymax>
		</bndbox>
	</object>
</annotation>
