<annotation>
	<folder>all</folder>
	<filename>000006.jpg</filename>
	<path>/home/trevol/hdd/Datasets/counters/Musson_counters/all/000006.jpg</path>
	<source>
		<database>Unknown</database>
	</source>
	<size>
		<width>960</width>
		<height>1280</height>
		<depth>3</depth>
	</size>
	<segmented>0</segmented>
	<object>
		<name>counter</name>
		<pose>Unspecified</pose>
		<truncated>0</truncated>
		<difficult>0</difficult>
		<bndbox>
			<xmin>2</xmin>
			<ymin>317</ymin>
			<xmax>874</xmax>
			<ymax>1177</ymax>
		</bndbox>
	</object>
	<object>
		<name>counter_screen</name>
		<pose>Unspecified</pose>
		<truncated>0</truncated>
		<difficult>0</difficult>
		<bndbox>
			<xmin>85</xmin>
			<ymin>506</ymin>
			<xmax>539</xmax>
			<ymax>632</ymax>
		</bndbox>
	</object>
</annotation>
